{"count": 142.0, "mean": 14.084507042253522, "std": 16.44095084381941, "min": 1.0, "25%": 4.0, "50%": 8.5, "75%": 16.0, "max": 111.0}